mutation,segid,phenotype,MIC,SOURCE,d_volume,d_hydropathy_KD,d_Pi,d_MW,d_rogov,phi,psi,residue_sasa,n_hbond_acceptors,n_hbond_donors,secondary_structure_codes,temp_factor,depth,deep_ddG,rasp_score_ml,snap2_score,dist_FE2,dist_PZA,mcsm_stability_rsa,mcsm_stability_ddG,mapp_score
V7G,A,R,800,CDC,-79.9,-4.6000000000000005,0.009999999999999787,-42.0,-0.08,-95.63,119.05,0.0,1.0,1.0,3,28.850000381469727,7.18313797032592,-4.33,4.474435644692156,86,12.532906186893428,9.29688308022091,0.0,-2.59,14.68
D8N,A,R,800,CDC,3.0,0.0,2.64,-1.0,0.329,50.52,45.6,4.6,1.0,1.0,0,22.649999618530273,5.1321943369728755,-1.022,1.974920875983576,92,9.884243551060237,7.155394695747088,0.0,-1.661,13.97
Q10P,A,R,>100,EXIT-RIF,-31.10000000000001,1.9,0.6499999999999995,-31.099999999999994,-0.083,-123.78,153.25,0.0,2.0,1.0,5,33.869998931884766,5.08999969410478,-2.963,4.279662205956916,95,11.405717435588949,9.712707421596155,0.0,-0.405,42.86
Q10R,A,R,800,CDC,29.599999999999994,-1.0,5.109999999999999,28.0,0.375,-123.78,153.25,0.0,2.0,1.0,5,33.869998931884766,5.08999969410478,-2.07,1.7861951511804286,94,11.405717435588949,9.712707421596155,0.0,-1.244,23.86
F13C,A,S,75-100,EXIT-RIF,-81.4,-0.2999999999999998,-0.41000000000000014,-43.999999999999986,-0.082,-100.94999999999999,3.11,24.5,1.0,1.0,4,35.38999938964844,3.128169404873979,-2.036,3.32072232376033,79,10.214501352061687,7.4117450575776935,2.3,-2.776,17.91
C14G,A,R,800,CDC,-48.4,-2.9,0.8999999999999995,-46.10000000000001,-0.257,-112.65,171.8,1.2,1.0,2.0,0,41.41999816894531,2.5424517990717757,-2.618,1.9909325251912249,82,14.032423065223272,11.136573152990367,1.4,-0.486,4.42
C14R,A,R,>100,EXIT-RIF,64.9,-7.0,5.6899999999999995,52.999999999999986,-0.392,-112.65,171.8,1.2,1.0,2.0,0,41.41999816894531,2.5424517990717757,-2.708,1.958140169135336,81,14.032423065223272,11.136573152990367,1.4,-0.44,24.35
L19P,A,R,800,CDC,-53.999999999999986,-5.4,0.3199999999999994,-16.099999999999994,-0.159,-121.25999999999999,42.41,27.4,0.0,1.0,0,41.08000183105469,1.9701624378034122,-1.477,7.73702361077454,83,9.680555716012659,8.067642887602634,13.3,-1.421,27.08
I31N,A,R,>100,EXIT-RIF,-52.599999999999994,-8.0,-0.6099999999999994,0.9000000000000057,-0.124,-67.50999999999999,-47.60000000000002,0.2,0.0,1.0,1,41.77000045776367,4.544786961233028,-4.891,3.795701510854273,73,22.0485786082158,18.237239778016317,0.1,-2.56,12.7
I31S,A,R,>100,EXIT-RIF,-77.69999999999999,-5.3,-0.33999999999999986,-26.099999999999994,-0.026,-67.50999999999999,-47.60000000000002,0.2,0.0,1.0,1,41.77000045776367,4.544786961233028,-3.395,4.97254180753501,60,22.0485786082158,18.237239778016317,0.1,-3.272,6.26
Y34D,A,R,>100,EXIT-RIF,-82.5,-2.2,-2.89,-48.099999999999994,-0.203,-69.80000000000001,-179.5,26.9,1.0,1.0,0,59.45000076293945,2.3546070969349415,-1.484,4.313668116021191,30,26.738657122255383,22.917905557712132,15.3,-1.748,24.65
L35R,A,S,75-100,EXIT-RIF,6.700000000000017,-8.3,4.779999999999999,43.0,-0.09,72.27,-49.90999999999997,36.9,0.0,1.0,0,61.45000076293945,2.118330824893637,-2.016,2.071294506449314,64,26.50657521451353,23.217350054385726,6.6,-1.404,3.22
T47A,A,R,200,CDC,-27.5,2.5,0.40000000000000036,-30.0,0.248,-116.74000000000001,158.51,0.4,1.0,1.0,3,33.58000183105469,7.080549362361869,-2.276,1.3287842376411645,58,12.012259248468268,10.91789681585741,0.2,-1.799,9.38
D49E,A,R,200,CDC,27.30000000000001,0.0,0.4500000000000002,14.0,0.109,-65.15999999999997,134.25,7.0,0.0,0.0,3,31.489999771118164,4.875971612158312,-2.35,1.2296042247710386,75,5.561110351943812,6.8892870425393244,0.0,-0.938,23.98
H51P,A,R,>100,EXIT-RIF,-40.499999999999986,1.6,-1.29,-40.099999999999994,-0.031,-105.35,126.05,0.5,1.0,1.0,5,32.75,3.399319640511107,-1.529,5.294740631748489,82,6.801215453442851,11.32721096801307,0.0,-1.28,38.04
H51R,A,R,800,CDC,20.200000000000017,-1.2999999999999998,3.17,19.0,0.084,-105.35,126.05,0.5,1.0,1.0,5,32.75,3.399319640511107,-1.252,1.8946779553917288,74,6.801215453442851,11.32721096801307,0.0,-1.688,14.65
H51Y,A,R,800,CDC,40.400000000000006,1.9000000000000001,-1.9299999999999997,26.0,0.073,-105.35,126.05,0.5,1.0,1.0,5,32.75,3.399319640511107,-0.891,0.1465218075794644,60,6.801215453442851,11.32721096801307,0.0,0.207,3.2
P54L,A,R,600,CDC,53.999999999999986,5.4,-0.3199999999999994,16.099999999999994,-0.159,-91.84000000000003,14.02,9.2,1.0,0.0,0,43.54999923706055,2.28567699225171,-0.95,-0.4043110731649346,33,8.106483744185534,13.214233092579612,2.3,-0.668,16.08
H57D,A,R,800,CDC,-42.099999999999994,-0.2999999999999998,-4.82,-22.099999999999994,-0.003,-52.370000000000005,-28.019999999999982,15.3,1.0,1.0,4,43.380001068115234,2.432165146333631,-1.011,2.644482345886677,75,6.905109813939629,10.979621845600422,6.6,-1.65,9.44
F58L,A,R,800,CDC,-23.200000000000017,1.0,0.5,-34.0,0.367,-110.62,147.21,43.8,0.0,1.0,5,45.290000915527344,2.4599802963032738,-0.746,1.8921337704294363,74,8.030555281705674,11.97853359243833,19.6,-1.721,5.48
F58S,A,R,>100,EXIT-RIF,-100.9,-3.5999999999999996,0.1999999999999993,-60.099999999999994,0.143,-110.62,147.21,43.8,0.0,1.0,5,45.290000915527344,2.4599802963032738,-1.022,4.16779050153816,78,8.030555281705674,11.97853359243833,19.6,-2.737,11.57
S59P,A,R,800,CDC,23.700000000000003,-0.8,0.6200000000000001,10.0,0.194,-152.73,150.83,37.8,0.0,1.0,0,55.54999923706055,1.774978306356853,-1.13,4.161098333747732,62,11.457209188069365,14.70311941756659,38.0,-0.483,8.12
P62L,A,R,>100,EXIT-RIF,53.999999999999986,5.4,-0.3199999999999994,16.099999999999994,-0.159,-67.72000000000003,146.66,34.0,0.0,0.0,0,66.95999908447266,2.1165665344418136,-1.127,1.5199874920907936,54,12.323533607784102,13.821889833275575,16.7,-0.667,1.67
D63A,A,R,300-400,CDC,-22.5,5.3,3.23,-44.0,0.029,-99.55000000000001,2.53,83.8,0.0,1.0,0,67.97000122070312,1.8328246130407342,-0.704,1.5262530142950732,40,13.17904802072267,13.642446695085331,65.7,-0.752,15.41
S66P,A,R,>100,EXIT-RIF,23.700000000000003,-0.8,0.6200000000000001,10.0,0.194,-121.92000000000002,-8.120000000000005,70.4,0.0,0.0,0,56.77000045776367,1.8411676215734565,-0.165,3.3099555399076834,46,9.80529039798664,11.010651784135923,84.7,-0.393,8.18
W68G,A,R,>100,EXIT-RIF,-167.70000000000002,0.5,0.08000000000000007,-129.1,-0.375,-134.55,156.53,44.1,1.0,1.0,5,42.5099983215332,3.0350484954386663,-1.882,5.315395799348852,86,7.5102650133387545,9.33610720193083,13.3,-3.439,15.87
W68R,A,R,>100,EXIT-RIF,-54.400000000000006,-3.6,4.87,-30.0,-0.168,-134.55,156.53,44.1,1.0,1.0,5,42.5099983215332,3.0350484954386663,-1.263,3.7494263031214095,89,7.5102650133387545,9.33610720193083,13.3,-1.983,44.36
W68S,A,R,800,CDC,-138.8,0.09999999999999998,-0.20999999999999996,-99.1,-0.249,-134.55,156.53,44.1,1.0,1.0,5,42.5099983215332,3.0350484954386663,-1.343,4.6556863201266205,86,7.5102650133387545,9.33610720193083,13.3,-3.17,10.23
H71Y,A,R,>100,EXIT-RIF,40.400000000000006,1.9000000000000001,-1.9299999999999997,26.0,0.073,-154.69,153.12,5.0,0.0,0.0,2,30.1200008392334,3.529109008832458,-0.84,-0.0944318999665766,61,6.4570610755914,8.813948515449106,0.8,-0.45,18.27
C72G,A,S,0,EXIT-RIF,-48.4,-2.9,0.8999999999999995,-46.10000000000001,-0.257,51.33,43.76,0.0,1.0,0.0,2,32.58000183105469,3.297999771738128,-1.459,2.509518799663278,54,6.905813959577141,9.204607219276639,0.0,-1.844,11.46
F81S,A,S,100,CDC,-100.9,-3.5999999999999996,0.1999999999999993,-60.099999999999994,0.143,-50.40999999999997,137.01,38.6,0.0,0.0,5,40.45000076293945,2.359247216468838,-1.725,4.426205915573402,31,14.820122276007131,13.717835699554755,20.6,-2.589,10.5
G97C,A,R,>100,EXIT-RIF,48.4,2.9,-0.8999999999999995,46.10000000000001,-0.257,89.75,16.65,7.1,1.0,0.0,0,30.850000381469727,2.314352414227684,-1.484,5.410820923902156,69,6.378948284426952,10.224564294577606,0.0,-1.299,8.03
T100P,A,R,>100,EXIT-RIF,-3.3999999999999915,-0.9000000000000001,0.7000000000000002,-4.0,0.14,-161.66,150.65,81.4,0.0,1.0,0,46.88999938964844,2.257469522053962,-0.412,4.055062016421227,18,8.090484492341487,12.557438878987876,67.6,-0.323,10.45
Y103H,A,R,>100,EXIT-RIF,-40.400000000000006,-1.9000000000000001,1.9299999999999997,-26.0,0.073,-107.85,-24.430000000000007,138.4,0.0,0.0,2,46.84000015258789,1.8946924584605425,-0.683,0.1951195350552576,81,7.720208822721054,7.2310876456617805,76.5,0.392,16.52
S104R,A,R,>100,EXIT-RIF,84.4,-3.7,5.08,69.1,0.127,-138.86,141.47,0.8,1.0,0.0,2,35.41999816894531,2.7361790112168856,-2.325,1.242347360095169,85,10.169639183557543,8.8902372900759,4.0,-0.658,37.1
F106S,A,R,800,CDC,-100.9,-3.5999999999999996,0.1999999999999993,-60.099999999999994,0.143,-75.70999999999998,-5.819999999999993,27.9,0.0,0.0,4,35.689998626708984,2.712386133771218,-1.914,4.022421769265476,73,13.942955931315852,13.385367734098839,6.4,-2.263,19.43
G108R,A,R,>100,EXIT-RIF,113.30000000000001,-4.1,4.79,99.1,-0.119,-78.49000000000001,153.3,0.4,1.0,1.0,2,35.7599983215332,2.2557804834574764,-2.025,5.870935939553746,53,12.034665733054917,12.947409665860848,0.4,-0.998,4.98
T114M,A,S,0-25,EXIT-RIF,46.80000000000001,2.5999999999999996,0.14000000000000057,30.099999999999994,-0.548,-87.82,118.95,28.3,1.0,0.0,3,43.099998474121094,2.4759970729873997,-0.077,-0.3730747116980476,25,19.91830404986121,21.15799307641484,23.5,0.033,29.5
L120P,A,R,>100,EXIT-RIF,-53.999999999999986,-5.4,0.3199999999999994,-16.099999999999994,-0.159,-68.55000000000001,-45.52999999999997,0.0,2.0,2.0,1,36.66999816894531,5.429701830665372,-4.748,8.923579911531355,79,23.344618213881354,22.300985166124807,0.0,-1.493,36.32
L120R,A,R,800,CDC,6.700000000000017,-8.3,4.779999999999999,43.0,-0.09,-68.55000000000001,-45.52999999999997,0.0,2.0,2.0,1,36.66999816894531,5.429701830665372,-4.716,5.322117157676042,74,23.344618213881354,22.300985166124807,0.0,-2.457,33.02
V130A,A,S,0-25,EXIT-RIF,-51.400000000000006,-2.4000000000000004,0.040000000000000036,-28.0,0.232,-119.00999999999999,132.51,0.2,1.0,1.0,3,36.369998931884766,7.722992706883862,-2.959,2.8656468184682287,51,18.681753245762128,14.85787066671433,0.2,-2.377,9.75
V130G,A,R,800,CDC,-79.9,-4.6000000000000005,0.009999999999999787,-42.0,-0.08,-119.00999999999999,132.51,0.2,1.0,1.0,3,36.369998931884766,7.722992706883862,-4.805,5.591746107183868,73,18.681753245762128,14.85787066671433,0.2,-2.863,13.68
G132S,A,R,>100,EXIT-RIF,28.9,-0.4,-0.29000000000000004,30.0,0.12,123.63,-147.1,0.0,1.0,1.0,3,32.56999969482422,5.846923592989855,-3.165,2.6009436640482995,85,14.914519593258415,10.573098955743717,0.0,-1.735,7.5
A134D,A,R,>100,EXIT-RIF,22.5,-5.3,-3.23,44.0,0.029,-105.15,145.28,9.6,2.0,0.0,0,33.099998474121094,3.1897638510351167,-3.856,1.7781910576320443,85,11.926340452451008,6.764722260481649,3.9,-3.022,43.15
A134V,A,R,>100,EXIT-RIF,51.400000000000006,2.4000000000000004,-0.040000000000000036,28.0,0.232,-105.15,145.28,9.6,2.0,0.0,0,33.099998474121094,3.1897638510351167,-1.64,0.62119733793317,74,11.926340452451008,6.764722260481649,3.9,-0.774,35.49
T135P,A,R,>100,EXIT-RIF,-3.3999999999999915,-0.9000000000000001,0.7000000000000002,-4.0,0.14,-44.02999999999997,-42.31999999999999,3.4,1.0,1.0,0,36.18000030517578,3.2783141630862067,-2.513,3.71540112875384,93,15.077667923880924,9.994072653862613,3.2,0.15,10.19
V139A,A,R,>100,EXIT-RIF,-51.400000000000006,-2.4000000000000004,0.040000000000000036,-28.0,0.232,-63.25,-49.52999999999997,0.0,2.0,1.0,1,31.489999771118164,5.696842467848073,-2.438,2.821701210119312,52,13.299989598640447,8.95391410772599,0.0,-1.658,20.54
V139G,A,R,>100,EXIT-RIF,-79.9,-4.6000000000000005,0.009999999999999787,-42.0,-0.08,-63.25,-49.52999999999997,0.0,2.0,1.0,1,31.489999771118164,5.696842467848073,-4.222,5.027726596965938,84,13.299989598640447,8.95391410772599,0.0,-1.977,14.68
R140P,A,S,100,CDC,-60.7,2.9,-4.46,-59.099999999999994,-0.052,-56.77999999999997,-53.110000000000014,59.3,1.0,1.0,1,34.86000061035156,3.094353987510219,-1.939,7.61121177520333,86,14.995991069402624,10.895249812575612,27.6,-0.344,20.51
Q141P,A,R,800,CDC,-31.10000000000001,1.9,0.6499999999999995,-31.099999999999994,-0.083,-61.72000000000003,-36.25,42.5,1.0,1.0,1,33.810001373291016,2.5715463166202124,-1.835,5.8928924512567855,79,13.285740112068746,10.308551533463543,29.4,1.0,13.67
T142A,A,R,600-800,CDC,-27.5,2.5,0.40000000000000036,-30.0,0.248,-73.50999999999999,-43.99000000000001,0.0,1.0,2.0,1,29.649999618530273,5.7542980542622315,-2.289,0.6296987289962624,80,14.052398573787142,11.242928516571437,0.0,-1.136,37.99
T142M,A,R,800,CDC,46.80000000000001,2.5999999999999996,0.14000000000000057,30.099999999999994,-0.548,-73.50999999999999,-43.99000000000001,0.0,1.0,2.0,1,29.649999618530273,5.7542980542622315,-1.977,0.9447435289344732,85,14.052398573787142,11.242928516571437,0.0,-0.115,29.5
A146E,A,R,800,CDC,49.80000000000001,-5.3,-2.78,58.0,-0.033,-54.84000000000003,-45.54000000000002,0.0,2.0,1.0,1,33.720001220703125,4.174368308214655,-5.327,6.771079813048286,75,19.684700356590493,17.351969781895864,0.0,-1.867,32.8
R154G,A,R,600-800,CDC,-113.30000000000001,4.1,-4.79,-99.1,-0.119,-116.38,144.72,61.1,1.0,1.0,3,42.27000045776367,2.7620579680006148,-1.992,3.601482226461589,73,23.699537316984603,19.68280294572091,30.4,-1.826,4.47
L156P,A,R,200-300,CDC,-53.999999999999986,-5.4,0.3199999999999994,-16.099999999999994,-0.159,-90.95999999999998,87.87,0.2,1.0,1.0,3,36.91999816894531,3.7235720839557223,-3.96,6.178558440124529,63,22.897291499058557,18.26031460461525,0.8,-2.112,2.89
L172P,A,R,800,CDC,-53.999999999999986,-5.4,0.3199999999999994,-16.099999999999994,-0.159,-57.620000000000005,-47.14999999999998,50.3,2.0,1.0,1,39.650001525878906,2.2927400253624164,-2.793,8.925672427575567,79,21.507245610531115,16.852917531097248,35.2,-1.465,23.4
L182S,A,R,>100,EXIT-RIF,-77.69999999999999,-4.6,-0.3000000000000007,-26.099999999999994,0.015,-106.69999999999999,110.91,50.6,0.0,0.0,3,44.91999816894531,2.103580747379482,-1.864,4.169226959248167,71,25.183471602663555,20.530869574411323,13.4,-2.113,3.63
